den,slovo
1,pes
2,káva
3,les
4,kniha
5,vlak
6,slunce
7,škola
8,chléb
9,řeka
10,hudba
11,bota
12,telefon
13,zahrada
14,lékař
15,moře
16,dům
17,kočka
18,dort
19,kolo
20,film
21,strom
22,čaj
23,hora
24,rodina
25,počítač
26,ryba
27,postel
28,sníh
29,obchod
30,fotbal
31,květina
32,mléko
33,letadlo
34,učitel
35,oheň
36,město
37,jablko
38,kytara
39,nemocnice
40,most
41,pták
42,pivo
43,hodiny
44,pláž
45,divadlo
46,židle
47,vítr
48,peníze
49,loď
50,práce
51,med
52,okno
53,srdce
54,vesnice
55,voda
56,auto
57,hvězda
58,kuchyň
59,dítě
60,maso
